month,marketing_spend_inr
2024-01-01,145000.0
2024-02-01,150400.0
2024-03-01,155800.0
2024-04-01,144200.0
2024-05-01,145800.0
2024-06-01,157800.0
2024-07-01,139600.0
2024-08-01,156700.0
2024-09-01,156200.0
2024-10-01,149300.0
2024-11-01,167700.0
2024-12-01,167100.0
2025-01-01,137600.0
2025-02-01,141400.0
2025-03-01,150100.0
2025-04-01,151100.0
2025-05-01,160400.0
2025-06-01,156100.0
2025-07-01,152600.0
2025-08-01,160300.0
2025-09-01,144000.0
2025-10-01,142900.0
2025-11-01,175200.0
2025-12-01,161500.0
2026-01-01,133200.0
2026-02-01,142800.0
2026-03-01,149300.0
2026-04-01,158800.0
2026-05-01,152700.0
2026-06-01,150300.0
2026-07-01,149900.0
2026-08-01,144700.0
2026-09-01,139700.0
